"Ángulo (rad) Serie Nº 12";"Intensidad luminosa (%) Serie Nº 12"
0,000;1,9
;1,9
;1,9
0,000;
;1,9
;1,9
0,000;1,9
;2,0
;1,9
0,000;
;1,9
;1,9
0,000;1,9
;1,9
;1,9
0,000;
;1,9
;1,9
0,000;1,9
;1,9
;1,9
0,000;
;1,9
;1,9
0,000;2,0
;2,0
;2,0
0,000;
;2,0
;2,0
0,000;2,0
;2,0
;2,0
0,000;
;2,0
;2,0
0,000;2,0
;2,0
;2,0
0,000;
;2,0
;2,0
-0,004;2,0
;2,0
;2,0
-0,004;
;2,0
;2,0
-0,004;2,0
;2,0
;2,0
-0,004;
;2,0
;2,0
-0,004;2,0
;2,0
;2,0
-0,004;
;2,0
;2,0
-0,004;2,0
;2,0
;2,0
-0,004;
;2,0
;2,0
0,000;2,0
;2,0
;2,0
0,004;
;2,0
;2,0
0,009;2,0
;2,0
;2,0
0,026;
;2,0
;2,0
0,057;2,0
;2,0
;2,0
0,140;
;2,0
;2,0
0,319;2,0
;2,0
;2,0
0,541;
;2,0
;2,0
0,829;1,9
;1,9
;1,9
1,126;
;1,9
;1,9
1,326;1,8
;1,8
;1,8
1,444;
;1,8
;1,7
1,501;1,7
;1,7
;1,7
1,553;
;1,7
;1,7
1,619;1,7
;1,7
;1,7
1,702;
;1,7
;1,7
1,798;1,6
;1,6
;1,6
1,850;
;1,6
;1,6
1,876;1,6
;1,6
;1,6
1,902;
;1,6
;1,6
1,942;1,6
;1,6
;1,6
1,985;
;1,6
;1,6
2,011;1,6
;1,6
;1,6
2,051;
;1,6
;1,6
2,086;1,6
;1,6
;1,6
2,142;
;1,6
;1,6
2,208;1,6
;1,6
;1,6
2,269;
;1,6
;1,5
2,330;1,6
;1,6
;1,6
2,365;
;1,5
;1,6
2,387;1,6
;1,5
;1,6
2,395;
;1,5
;1,5
2,404;1,6
;1,6
;1,5
2,439;
;1,6
;1,6
2,487;1,5
;1,5
;1,5
2,548;
;1,5
;1,5
2,579;1,5
;1,6
;1,6
2,587;
;1,6
;1,5
2,587;1,5
;1,6
;1,5
2,592;
;1,5
;1,5
2,596;1,5
;1,5
;1,5
2,605;
;1,5
;1,5
2,609;1,5
;1,5
;1,6
2,614;
;1,5
;1,6
2,618;1,5
;1,5
;1,5
2,631;
;1,6
;1,5
2,662;1,6
;1,5
;1,5
2,740;
;1,5
;1,5
2,827;1,5
;1,6
;1,6
2,893;
;1,5
;1,5
2,950;1,5
;1,5
;1,5
3,002;
;1,5
;1,5
3,054;1,5
;1,5
;1,5
3,120;
;1,5
;1,5
3,194;1,5
;1,5
;1,5
3,272;
;1,5
;1,5
3,351;1,5
;1,5
;1,5
3,425;
;1,5
;1,5
3,486;1,5
;1,5
;1,5
3,556;
;1,5
;1,5
3,595;1,5
;1,5
;1,5
3,635;
;1,5
;1,5
3,670;1,5
;1,5
;1,5
3,691;
;1,5
;1,5
3,726;1,5
;1,5
;1,5
3,761;
;1,5
;1,5
3,809;1,5
;1,5
;1,5
3,857;
;1,5
;1,5
3,901;1,5
;1,5
;1,5
3,923;
;1,5
;1,5
3,936;1,5
;1,5
;1,5
3,958;
;1,5
;1,5
3,979;1,5
;1,5
;1,5
4,014;
;1,5
;1,5
4,062;1,5
;1,5
;1,5
4,115;
;1,5
;1,5
4,171;1,5
;1,5
;1,5
4,241;
;1,5
;1,5
4,289;1,5
;1,5
;1,5
4,333;
;1,5
;1,5
4,390;1,5
;1,5
;1,5
4,437;
;1,5
;1,5
4,481;1,5
;1,5
;1,5
4,512;
;1,5
;1,5
4,551;1,5
;1,5
;1,5
4,586;
;1,5
;1,5
4,625;1,5
;1,5
;1,5
4,695;
;1,5
;1,5
4,730;1,5
;1,5
;1,5
4,747;
;1,5
;1,5
4,765;1,5
;1,5
;1,5
4,791;
;1,5
;1,5
4,843;1,5
;1,5
;1,5
4,922;
;1,5
;1,5
5,000;1,5
;1,5
;1,5
5,092;
;1,5
;1,5
5,175;1,5
;1,5
;1,5
5,271;
;1,5
;1,5
5,389;1,5
;1,5
;1,5
5,524;
;1,5
;1,5
5,637;1,5
;1,5
;1,5
5,694;
;1,5
;1,5
5,733;1,5
;1,5
;1,5
5,777;
;1,5
;1,5
5,821;1,5
;1,5
;1,5
5,869;
;1,5
;1,5
5,917;1,5
;1,5
;1,5
5,969;
;1,5
;1,5
6,008;1,5
;1,5
;1,5
6,039;
;1,5
;1,5
6,065;1,5
;1,5
;1,5
6,074;
;1,5
;1,5
6,091;1,5
;1,5
;1,5
6,117;
;1,5
;1,5
6,161;1,5
;1,5
;1,5
6,222;
;1,5
;1,5
6,288;1,5
;1,5
;1,5
6,309;
;1,5
;1,5
6,318;1,5
;1,5
;1,5
6,336;
;1,5
;1,5
6,357;1,5
;1,5
;1,5
6,384;
;1,5
;1,5
6,418;1,5
;1,5
;1,5
6,458;
;1,5
;1,5
6,475;1,5
;1,5
;1,5
6,493;
;1,5
;1,5
6,506;1,5
;1,5
;1,5
6,510;
;1,5
;1,5
6,514;1,5
;1,5
;1,5
6,523;
;1,5
;1,5
6,528;1,5
;1,5
;1,5
6,532;
;1,5
;1,5
6,532;1,5
;1,5
;1,5
6,541;
;1,5
;1,5
6,558;1,5
;1,5
;1,5
6,580;
;1,5
;1,5
6,610;1,5
;1,5
;1,5
6,632;
;1,5
;1,5
6,645;1,5
;1,5
;1,5
6,672;
;1,5
;1,5
6,715;1,5
;1,5
;1,5
6,781;
;1,5
;1,5
6,868;1,5
;1,5
;1,5
6,955;
;1,5
;1,5
7,025;1,5
;1,5
;1,5
7,082;
;1,5
;1,5
7,112;1,5
;1,5
;1,5
7,138;
;1,5
;1,5
7,160;1,5
;1,5
;1,5
7,173;
;1,5
;1,5
7,191;1,5
;1,5
;1,5
7,226;
;1,5
;1,5
7,265;1,5
;1,5
;1,5
7,322;
;1,5
;1,5
7,396;1,5
;1,5
;1,5
7,461;
;1,5
;1,5
7,540;1,5
;1,5
;1,5
7,592;
;1,5
;1,5
7,640;1,5
;1,5
;1,5
7,671;
;1,5
;1,5
7,688;1,5
;1,5
;1,5
7,714;
;1,5
;1,5
7,749;1,5
;1,5
;1,5
7,793;
;1,5
;1,5
7,850;1,5
;1,5
;1,5
7,906;
;1,5
;1,5
7,937;1,5
;1,5
;1,5
7,976;
;1,5
;1,5
8,002;1,5
;1,5
;1,5
8,037;
;1,5
;1,5
8,077;1,5
;1,5
;1,5
8,116;
;1,5
;1,5
8,138;1,5
;1,5
;1,5
8,146;
;1,5
;1,5
8,151;1,5
;1,5
;1,5
8,155;
;1,5
;1,5
8,164;1,5
;1,5
;1,5
8,173;
;1,5
;1,5
8,186;1,5
;1,5
;1,5
8,203;
;1,5
;1,5
8,225;1,5
;1,5
;1,5
8,242;
;1,5
;1,5
8,264;1,5
;1,5
;1,5
8,303;
;1,5
;1,5
8,334;1,5
;1,5
;1,5
8,404;
;1,5
;1,5
8,474;1,6
;1,5
;1,5
8,552;
;1,5
;1,5
8,622;1,6
;1,5
;1,5
8,692;
;1,5
;1,5
8,783;1,5
;1,6
;1,6
8,862;
;1,6
;1,6
8,910;1,6
;1,6
;1,6
8,962;
;1,6
;1,6
9,019;1,5
;1,6
;1,6
9,063;
;1,6
;1,5
9,098;1,6
;1,6
;1,5
9,137;
;1,5
;1,6
9,172;1,5
;1,6
;1,5
9,207;
;1,6
;1,5
9,246;1,6
;1,5
;1,5
9,298;
;1,5
;1,5
9,342;1,5
;1,5
;1,5
9,394;
;1,5
;1,5
9,425;1,5
;1,5
;1,5
9,447;
;1,5
;1,5
9,490;1,5
;1,5
;1,5
9,547;
;1,5
;1,5
9,582;1,5
;1,5
;1,5
9,621;
;1,5
;1,5
9,665;1,5
;1,5
;1,5
9,704;
;1,5
;1,5
9,743;1,5
;1,5
;1,5
9,783;
;1,5
;1,5
9,826;1,5
;1,5
;1,5
9,883;
;1,5
;1,5
9,940;1,5
;1,5
;1,5
10,001;
;1,5
;1,5
10,040;1,5
;1,5
;1,5
10,075;
;1,5
;1,5
10,132;1,5
;1,5
;1,5
10,193;
;1,5
;1,5
10,249;1,5
;1,5
;1,5
10,306;
;1,5
;1,5
10,337;1,5
;1,5
;1,5
10,345;
;1,5
;1,5
10,350;1,5
;1,5
;1,5
10,354;
;1,5
;1,5
10,359;1,5
;1,5
;1,5
10,367;
;1,5
;1,5
10,385;1,5
;1,5
;1,5
10,415;
;1,5
;1,5
10,459;1,5
;1,5
;1,5
10,507;
;1,5
;1,5
10,581;1,5
;1,5
;1,5
10,664;
;1,5
;1,5
10,751;1,5
;1,5
;1,5
10,834;
;1,5
;1,5
10,891;1,5
;1,4
;1,4
10,939;
;1,4
;1,4
10,965;1,4
;1,4
;1,4
10,987;
;1,4
;1,4
11,013;1,4
;1,4
;1,4
11,039;
;1,4
;1,4
11,052;1,4
;1,4
;1,4
11,065;
;1,4
;1,4
11,092;1,4
;1,4
;1,5
11,131;
;1,5
;1,5
11,174;1,5
;1,5
;1,5
11,205;
;1,5
;1,5
11,227;1,5
;1,5
;1,5
11,244;
;1,5
;1,5
11,288;1,5
;1,5
;1,5
11,327;
;1,5
;1,4
11,366;1,4
;1,4
;1,4
11,414;
;1,4
;1,5
11,458;1,4
;1,4
;1,4
11,497;
;1,4
;1,4
11,550;1,4
;1,4
;1,4
11,589;
;1,4
;1,4
11,624;1,4
;1,4
;1,4
11,668;
;1,4
;1,4
11,702;1,4
;1,4
;1,4
11,742;
;1,4
;1,4
11,803;1,4
;1,4
;1,4
11,868;
;1,4
;1,3
11,934;1,3
;1,3
;1,3
11,986;
;1,3
;1,3
12,047;1,3
;1,3
;1,3
12,139;
;1,3
;1,2
12,248;1,2
;1,2
;1,2
12,344;
;1,2
;1,2
12,418;1,2
;1,2
;1,1
12,479;
;1,1
;1,2
12,527;1,1
;1,1
;1,1
12,571;
;1,1
;1,1
12,606;1,1
;1,1
;1,1
12,658;
;1,1
;1,1
12,745;1,1
;1,1
;1,1
12,802;
;1,1
;1,1
12,854;1,1
;1,1
;1,1
12,889;
;1,1
;1,1
12,924;1,1
;1,1
;1,1
12,955;
;1,1
;1,1
12,981;1,1
;1,1
;1,1
13,003;
;1,1
;1,1
13,025;1,1
;1,1
;1,1
13,033;
;1,1
;1,1
13,038;1,1
;1,1
;1,1
13,051;
;1,1
;1,1
13,059;1,1
;1,1
;1,1
13,077;
;1,1
;1,1
13,121;1,1
;1,1
;1,1
13,177;
;1,1
;1,1
13,221;1,1
;1,1
;1,0
13,247;
;1,0
;1,0
13,278;1,0
;1,0
;1,0
13,304;
;1,0
;1,0
13,347;1,0
;1,0
;1,0
13,395;
;1,0
;1,0
13,426;1,0
;1,0
;1,0
13,456;
;1,0
;1,0
13,483;1,0
;1,0
;1,0
13,518;
;1,0
;1,0
13,557;1,0
;1,0
;1,0
13,600;
;1,0
;1,0
13,618;0,9
;1,0
;0,9
13,622;
;0,9
;0,9
13,631;0,9
;0,9
;0,9
13,640;
;0,9
;0,9
13,648;0,9
;0,9
;0,9
13,662;
;0,9
;0,9
13,675;0,9
;0,9
;0,9
13,683;
;0,9
;0,9
13,692;0,9
;0,9
;0,9
13,710;
;0,9
;0,9
13,727;0,9
;0,9
;0,9
13,762;
;0,9
;0,9
13,792;0,9
;0,9
;0,9
13,858;
;0,9
;0,9
13,923;0,9
;0,9
;0,9
13,998;
;0,9
;0,9
14,076;0,9
;0,9
;0,9
14,133;
;0,9
;0,9
14,159;0,9
;0,9
;0,9
14,190;
;0,9
;0,9
14,211;0,9
;0,9
;0,9
14,255;
;0,9
;0,9
14,329;0,9
;0,9
;0,9
14,403;
;0,9
;0,9
14,482;0,9
;0,9
;0,9
14,552;
;0,9
;0,9
14,635;0,9
;0,9
;0,9
14,735;
;0,9
;0,9
14,835;0,9
;0,9
;0,9
14,949;
;0,9
;0,9
15,067;0,9
;0,9
;0,9
15,193;
;0,9
;0,9
15,280;0,9
;0,9
;0,9
15,363;
;0,9
;0,9
15,472;0,9
;0,9
;0,9
15,551;
;0,9
;0,9
15,599;0,9
;0,9
;0,9
15,647;
;0,9
;0,9
15,699;0,9
;0,9
;0,9
15,734;
;0,9
;0,9
15,773;0,9
;0,9
;0,9
15,813;
;0,9
;0,9
15,856;0,9
;0,9
;0,9
15,913;
;0,9
;0,9
15,974;0,9
;0,9
;0,9
16,035;
;0,9
;0,9
16,096;0,9
;0,9
;0,9
16,127;
;0,9
;0,9
16,166;0,9
;0,9
;0,9
16,197;
;0,9
;0,9
16,218;0,9
;0,9
;0,9
16,245;
;0,9
;0,9
16,275;0,9
;0,9
;0,9
16,310;
;0,9
;0,9
16,345;0,9
;0,9
;0,9
16,376;
;0,9
;0,9
16,406;0,9
;0,9
;0,9
16,428;
;0,9
;0,9
16,450;0,9
;0,9
;0,9
16,472;
;0,9
;0,9
16,498;0,9
;0,9
;0,9
16,524;
;0,9
;0,9
16,559;0,9
;0,9
;0,9
16,589;
;0,9
;0,9
16,629;0,9
;0,9
;0,9
16,664;
;0,9
;0,9
16,694;0,9
;0,9
;0,9
16,720;
;0,9
;0,9
16,760;0,9
;0,9
;0,9
16,794;
;0,9
;0,9
16,834;0,9
;0,9
;0,9
16,873;
;0,9
;0,9
16,908;0,9
;0,9
;0,9
16,921;
;0,9
;0,9
16,930;0,9
;0,9
;0,9
16,934;
;0,9
;0,9
16,943;0,9
;0,9
;0,9
16,947;
;0,9
;0,9
16,952;0,9
;0,9
;0,9
16,956;
;0,9
;0,9
16,960;0,9
;0,9
;0,9
16,965;
;0,9
;0,9
16,978;0,9
;0,9
;0,9
16,995;
;0,9
;0,9
17,017;0,9
;0,9
;0,9
17,034;
;0,9
;0,9
17,056;0,9
;0,9
;0,9
17,082;
;0,9
;0,9
17,100;0,9
;0,9
;0,9
17,113;
;0,9
;0,9
17,130;0,9
;0,9
;0,9
17,165;
;0,9
;0,9
17,235;0,9
;0,9
;0,9
17,309;
;0,9
;0,9
17,418;0,9
;0,9
;0,9
17,580;
;0,9
;0,9
17,746;0,9
;0,9
;0,9
17,903;
;0,9
;0,9
17,973;0,9
;0,9
;0,9
17,994;
;0,9
;0,9
18,016;0,9
;0,9
;0,9
18,055;
;0,9
;0,9
18,095;0,9
;0,9
;0,9
18,121;
;0,9
;0,9
18,134;0,9
;0,9
;0,9
18,143;
;0,9
;0,9
18,147;0,9
;0,9
;0,9
18,147;
;0,9
;0,9
18,151;0,9
;0,9
;0,9
18,151;
;0,9
;0,9
18,156;0,9
;0,9
;0,9
18,156;
;0,9
;0,9
18,160;0,9
;0,9
;0,9
18,165;
;0,9
;0,9
18,169;0,9
;0,9
;0,9
18,178;
;0,9
;0,9
18,199;0,9
;0,9
;0,9
18,221;
;0,9
;0,9
18,243;0,9
;0,9
;0,9
18,274;
;0,9
;0,9
18,304;0,9
;0,9
;0,9
18,356;
;0,9
;0,9
18,404;0,9
;0,9
;0,9
18,461;
;0,9
;0,9
18,509;0,9
;0,9
;0,9
18,540;
;0,9
;0,9
18,557;0,9
;0,9
;0,9
18,583;
;0,9
;0,9
18,614;0,9
;0,9
;0,9
18,640;
;0,9
;0,9
18,684;0,9
;0,9
;0,9
18,740;
;0,9
;0,9
18,793;0,9
;0,9
;0,9
18,819;
;0,9
;0,9
18,828;0,9
;0,9
;0,9
18,841;
;0,9
;0,9
18,867;0,9
;0,9
;0,9
18,898;
;0,9
;0,9
18,924;0,9
;0,9
;0,9
18,963;
;0,9
;0,9
19,050;0,9
;0,9
;0,9
19,177;
;0,9
;0,9
19,308;0,9
;0,9
;0,9
19,395;
;0,9
;0,8
19,430;0,8
;0,8
;0,8
19,447;
;0,8
;0,8
19,465;0,8
;0,8
;0,8
19,522;
;0,8
;0,8
19,670;0,8
;0,8
;0,8
19,844;
;0,8
;0,8
20,001;0,8
;0,8
;0,8
20,119;
;0,8
;0,8
20,198;0,8
;0,8
;0,8
20,241;
;0,8
;0,8
20,263;0,8
;0,8
;0,8
20,285;
;0,8
;0,8
20,316;0,8
;0,8
;0,8
20,329;
;0,8
;0,8
20,329;0,8
;0,8
;0,8
20,342;
;0,8
;0,8
20,368;0,8
;0,8
;0,9
20,377;
;0,9
;0,8
20,403;0,9
;0,9
;0,8
20,433;
;0,8
;0,8
20,468;0,9
;0,9
;0,9
20,490;
;0,8
;0,9
20,495;0,9
;0,9
;0,8
20,508;
;0,9
;0,9
20,556;0,8
;0,9
;0,9
20,612;
;0,9
;0,9
20,700;0,9
;0,9
;0,9
20,796;
;0,9
;0,9
20,878;0,9
;0,9
;0,9
20,961;
;0,9
;0,9
21,018;0,9
;0,9
;0,9
21,088;
;0,9
;0,9
21,188;0,9
;0,9
;0,9
21,315;
;0,9
;0,9
21,424;0,9
;0,9
;0,9
21,463;
;0,9
;0,9
21,485;0,9
;0,9
;0,9
21,524;
;0,9
;0,9
21,629;0,9
;0,9
;0,9
21,742;
;0,9
;0,9
21,847;0,9
;0,9
;0,9
21,948;
;0,9
;0,9
22,061;0,9
;0,9
;0,9
22,148;
;0,9
;0,9
22,214;0,9
;0,9
;0,9
22,270;
;0,9
;0,9
22,353;0,9
;0,9
;0,9
22,414;
;0,9
;0,9
22,484;0,9
;0,9
;0,9
22,558;
;0,9
;0,9
22,654;0,9
;0,9
;0,9
22,755;
;0,9
;0,9
22,833;0,9
;0,9
;0,9
22,907;
;0,9
;0,9
22,977;0,9
;0,9
;0,9
23,056;
;0,9
;0,9
23,147;0,9
;0,9
;0,9
23,239;
;0,9
;0,9
23,370;0,9
;0,9
;0,9
23,501;
;0,9
;0,9
23,627;0,9
;0,9
;0,9
23,750;
;0,9
;0,9
23,841;1,0
;0,9
;1,0
23,924;
;0,9
;0,9
23,998;0,9
;0,9
;0,9
24,046;
;0,9
;0,9
24,116;0,9
;0,9
;0,9
24,199;
;0,9
;0,9
24,291;0,9
;0,9
;0,9
24,374;
;0,9
;0,9
24,439;0,9
;0,9
;0,9
24,504;
;0,9
;0,9
24,561;0,9
;0,9
;0,9
24,627;
;0,9
;0,9
24,666;0,9
;0,9
;0,9
24,709;
;0,9
;0,9
24,762;0,9
;0,9
;0,9
24,862;
;0,9
;0,9
24,949;0,9
;0,9
;0,9
25,054;
;0,9
;0,9
25,146;0,9
;0,9
;0,9
25,220;
;1,0
;1,0
25,307;0,9
;1,0
;0,9
25,395;
;0,9
;1,0
25,477;1,0
;1,0
;1,0
25,543;
;1,0
;1,0
25,635;0,9
;1,0
;1,0
25,704;
;1,0
;1,0
25,752;1,0
;1,0
;1,0
25,783;
;1,0
;1,0
25,792;1,0
;1,0
;1,0
25,796;
;1,0
;1,0
25,813;1,0
;1,0
;1,0
25,835;
;1,0
;1,0
25,861;1,0
;1,0
;1,0
25,875;
;1,0
;1,0
25,909;1,0
;1,0
;1,0
25,992;
;1,0
;1,0
26,084;1,0
;1,0
;1,0
26,197;
;1,0
;1,0
26,272;1,0
;1,0
;1,0
26,324;
;1,0
;1,0
26,376;1,0
;1,0
;1,0
26,442;
;1,0
;1,0
26,529;1,0
;1,0
;1,0
26,594;
;1,0
;1,0
26,656;1,0
;1,0
;1,0
26,712;
;1,0
;1,0
26,765;1,0
;1,0
;1,0
26,830;
;1,0
;1,0
26,900;1,0
;1,0
;1,0
26,978;
;1,0
;1,0
27,088;1,0
;1,0
;1,0
27,188;
;1,0
;1,0
27,275;1,0
;1,0
;1,0
27,332;
;1,0
;1,0
27,397;1,0
;1,0
;1,0
27,467;
;1,0
;1,0
27,519;1,0
;1,0
;1,0
27,567;
;1,0
;1,0
27,615;1,0
;1,0
;1,0
27,655;
;1,0
;1,0
27,703;1,0
;1,0
;1,0
27,751;
;1,0
;1,0
27,799;1,0
;1,0
;1,0
27,855;
;1,0
;1,0
27,917;1,0
;1,0
;1,0
27,965;
;1,0
;1,0
27,995;1,0
;1,0
;1,0
28,017;
;1,0
;1,0
28,047;1,0
;1,0
;1,1
28,087;
;1,1
;1,0
28,139;1,0
;1,1
;1,1
28,183;
;1,1
;1,1
28,218;1,1
;1,1
;1,1
28,253;
;1,1
;1,1
28,309;1,1
;1,1
;1,1
28,344;
;1,1
;1,1
28,379;1,1
;1,1
;1,1
28,466;
;1,1
;1,2
28,536;1,2
;1,2
;1,2
28,619;
;1,2
;1,2
28,663;1,2
;1,2
;1,2
28,684;
;1,3
;1,3
28,698;1,3
;1,3
;1,3
28,702;
;1,3
;1,3
28,706;1,3
;1,3
;1,3
28,719;
;1,3
;1,3
28,728;1,3
;1,3
;1,3
28,732;
;1,3
;1,3
28,737;1,3
;1,3
;1,3
28,741;
;1,3
;1,3
28,750;1,3
;1,3
;1,3
28,794;
;1,3
;1,3
28,850;1,3
;1,3
;1,3
28,911;
;1,3
;1,3
29,012;1,3
;1,4
;1,4
29,134;
;1,4
;1,4
29,278;1,4
;1,4
;1,4
29,457;
;1,4
;1,4
29,640;1,4
;1,4
;1,4
29,780;
;1,4
;1,4
29,849;1,4
;1,4
;1,4
29,893;
;1,4
;1,4
29,954;1,4
;1,4
;1,4
30,015;
;1,4
;1,4
30,072;1,4
;1,4
;1,4
30,116;
;1,4
;1,4
30,168;1,4
;1,4
;1,4
30,238;
;1,4
;1,4
30,277;1,4
;1,3
;1,3
30,308;
;1,3
;1,3
30,347;1,3
;1,3
;1,3
30,391;
;1,3
;1,3
30,439;1,3
;1,3
;1,3
30,478;
;1,3
;1,3
30,517;1,3
;1,3
;1,3
30,543;
;1,3
;1,3
30,596;1,3
;1,2
;1,2
30,661;
;1,2
;1,2
30,722;1,2
;1,2
;1,2
30,770;
;1,2
;1,2
30,809;1,2
;1,2
;1,2
30,836;
;1,2
;1,2
30,866;1,2
;1,2
;1,2
30,901;
;1,2
;1,2
30,949;1,2
;1,2
;1,2
31,006;
;1,2
;1,2
31,071;1,2
;1,2
;1,2
31,124;
;1,2
;1,2
31,163;1,2
;1,2
;1,2
31,220;
;1,2
;1,2
31,281;1,2
;1,2
;1,2
31,329;
;1,2
;1,2
31,372;1,2
;1,2
;1,2
31,433;
;1,2
;1,2
31,486;1,2
;1,2
;1,2
31,538;
;1,2
;1,2
31,599;1,2
;1,2
;1,2
31,669;
;1,2
;1,2
31,765;1,2
;1,3
;1,3
31,830;
;1,3
;1,3
31,892;1,3
;1,3
;1,3
31,931;
;1,3
;1,3
32,005;1,3
;1,3
;1,3
32,110;
;1,3
;1,3
32,171;1,3
;1,3
;1,3
32,214;
;1,3
;1,3
32,249;1,3
;1,3
;1,3
32,275;
;1,3
;1,3
32,293;1,3
;1,3
;1,3
32,319;
;1,3
;1,3
32,337;1,3
;1,3
;1,3
32,350;
;1,3
;1,3
32,389;1,3
;1,3
;1,3
32,437;
;1,3
;1,3
32,463;1,3
;1,3
;1,3
32,511;
;1,3
;1,3
32,568;1,3
;1,3
;1,3
32,629;
;1,3
;1,3
32,677;1,3
;1,3
;1,3
32,712;
;1,3
;1,3
32,738;1,3
;1,3
;1,3
32,769;
;1,3
;1,3
32,812;1,3
;1,3
;1,3
32,856;
;1,3
;1,3
32,899;1,3
;1,3
;1,3
32,947;
;1,3
;1,3
33,000;1,3
;1,3
;1,3
33,043;
;1,3
;1,3
33,109;1,3
;1,3
;1,3
33,144;
;1,3
;1,3
33,179;1,3
;1,3
;1,3
33,222;
;1,3
;1,3
33,257;1,3
;1,3
;1,3
33,301;
;1,3
;1,3
33,349;1,3
;1,3
;1,3
33,393;
;1,3
;1,3
33,436;1,3
;1,3
;1,3
33,484;
;1,3
;1,3
33,532;1,3
;1,3
;1,3
33,558;
;1,3
;1,3
33,567;1,3
;1,3
;1,3
33,593;
;1,3
;1,3
33,619;1,3
;1,3
;1,3
33,659;
;1,3
;1,3
33,707;1,3
;1,3
;1,3
33,759;
;1,3
;1,3
33,811;1,3
;1,3
;1,3
33,846;
;1,3
;1,3
33,886;1,3
;1,3
;1,4
33,920;
;1,4
;1,4
33,960;1,4
;1,4
;1,4
33,999;
;1,4
;1,4
34,030;1,4
;1,4
;1,4
34,047;
;1,4
;1,4
34,078;1,4
;1,4
;1,4
34,126;
;1,4
;1,4
34,178;1,4
;1,4
;1,4
34,239;
;1,4
;1,4
34,283;1,4
;1,4
;1,4
34,322;
;1,5
;1,4
34,344;1,5
;1,5
;1,5
34,374;
;1,5
;1,5
34,405;1,5
;1,5
;1,5
34,440;
;1,5
;1,5
34,475;1,5
;1,5
;1,5
34,523;
;1,5
;1,5
34,584;1,5
;1,5
;1,5
34,632;
;1,5
;1,5
34,675;1,5
;1,5
;1,5
34,741;
;1,5
;1,5
34,797;1,6
;1,6
;1,6
34,867;
;1,6
;1,6
34,920;1,6
;1,6
;1,6
34,959;
;1,6
;1,6
34,994;1,6
;1,6
;1,6
35,037;
;1,7
;1,7
35,077;1,7
;1,7
;1,7
35,120;
;1,7
;1,7
35,168;1,7
;1,7
;1,7
35,190;
;1,7
;1,7
35,212;1,7
;1,7
;1,7
35,243;
;1,8
;1,8
35,282;1,8
;1,8
;1,8
35,312;
;1,8
;1,8
35,334;1,8
;1,8
;1,8
35,373;
;1,8
;1,8
35,408;1,8
;1,8
;1,9
35,448;
;1,9
;1,8
35,509;1,9
;1,9
;1,9
35,557;
;1,9
;1,9
35,622;1,9
;1,9
;1,9
35,661;
;1,9
;1,9
35,701;1,9
;1,9
;1,9
35,727;
;1,9
;1,9
35,788;1,9
;1,9
;1,9
35,893;
;1,9
;1,9
36,006;1,9
;1,9
;1,9
36,085;
;1,9
;1,9
36,163;1,9
;1,9
;1,9
36,224;
;1,8
;1,8
36,298;1,8
;1,8
;1,8
36,368;
;1,8
;1,8
36,464;1,8
;1,8
;1,8
36,538;
;1,7
;1,7
36,626;1,7
;1,7
;1,7
36,678;
;1,7
;1,7
36,717;1,7
;1,7
;1,7
36,757;
;1,7
;1,7
36,805;1,7
;1,7
;1,7
36,866;
;1,7
;1,7
36,927;1,7
;1,7
;1,7
37,001;
;1,7
;1,7
37,053;1,8
;1,8
;1,8
37,101;
;1,8
;1,8
37,132;1,8
;1,8
;1,8
37,149;
;1,8
;1,8
37,158;1,8
;1,8
;1,8
37,167;
;1,8
;1,8
37,189;1,8
;1,8
;1,8
37,206;
;1,8
;1,8
37,224;1,9
;1,9
;1,9
37,250;
;1,9
;1,9
37,267;1,9
;1,9
;1,9
37,289;
;1,9
;1,9
37,324;1,9
;1,9
;1,9
37,359;
;1,9
;1,9
37,398;1,9
;1,9
;1,9
37,463;
;1,9
;1,9
37,533;2,0
;2,0
;2,0
37,594;
;2,0
;2,0
37,651;2,0
;2,0
;2,0
37,690;
;2,0
;2,0
37,730;2,0
;2,0
;2,0
37,760;
;2,0
;2,0
37,804;2,0
;2,0
;2,0
37,847;
;2,0
;2,0
37,882;2,0
;2,0
;2,0
37,926;
;2,0
;2,0
37,965;1,9
;1,9
;1,9
37,983;
;1,9
;1,9
37,996;1,9
;1,9
;1,9
38,009;
;1,9
;1,9
38,044;1,9
;1,9
;1,9
38,083;
;1,9
;1,9
38,149;1,9
;1,8
;1,8
38,214;
;1,8
;1,8
38,236;1,8
;1,8
;1,8
38,249;
;1,8
;1,8
38,253;1,8
;1,8
;1,8
38,253;
;1,7
;1,8
38,253;1,7
;1,8
;1,8
38,258;
;1,7
;1,7
38,258;1,7
;1,7
;1,7
38,258;
;1,7
;1,7
38,262;1,7
;1,7
;1,7
38,262;
;1,7
;1,8
38,262;1,7
;1,7
;1,7
38,266;
;1,7
;1,7
38,266;1,7
;1,7
;1,7
38,266;
;1,7
;1,7
38,266;1,7
;1,7
;1,7
38,266;
;1,7
;1,7
38,271;1,7
;1,7
;1,7
38,275;
;1,7
;1,7
38,279;1,7
;1,7
;1,7
38,301;
;1,7
;1,7
38,327;1,7
;1,7
;1,7
38,362;
;1,7
;1,7
38,397;1,7
;1,7
;1,7
38,423;
;1,7
;1,6
38,454;1,6
;1,6
;1,6
38,471;
;1,6
;1,6
38,476;1,6
;1,6
;1,6
38,485;
;1,6
;1,6
38,489;1,6
;1,6
;1,6
38,498;
;1,6
;1,6
38,506;1,6
;1,6
;1,6
38,515;
;1,6
;1,6
38,537;1,6
;1,6
;1,6
38,624;
;1,6
;1,6
38,716;1,6
;1,6
;1,6
38,838;
;1,6
;1,6
38,995;1,6
;1,6
;1,7
39,130;
;1,7
;1,8
39,200;1,8
;1,9
;1,9
39,239;
;1,9
;2,0
39,266;2,0
;2,0
;2,0
39,274;
;2,0
;2,0
39,314;2,0
;2,0
;2,1
39,440;
;2,2
;2,3
39,506;2,4
;2,5
;2,5
39,558;
;2,5
;2,6
39,597;2,6
;2,7
;2,7
39,680;
;2,7
;2,8
39,759;2,8
;2,9
;3,0
39,841;
;3,0
;3,1
39,937;3,1
;3,2
;3,2
40,033;
;3,3
;3,3
40,151;3,3
;3,3
;3,3
40,291;
;3,2
;3,2
40,431;3,2
;3,1
;3,0
40,527;
;2,9
;2,8
40,605;2,7
;2,7
;2,6
40,649;
;2,6
;2,6
40,701;2,5
;2,5
;2,5
40,749;
;2,4
;2,4
40,788;2,4
;2,4
;2,3
40,788;
;2,3
;2,3
40,788;2,3
;2,3
;2,3
40,788;
;2,3
;2,3
40,788;2,3
;2,3
;2,3
40,788;
;2,3
;2,3
40,793;2,3
;2,3
;2,3
40,797;
;2,3
;2,3
40,806;2,3
;2,3
;2,3
40,810;
;2,3
;2,3
40,823;2,3
;2,3
;2,3
40,823;
;2,3
;2,3
40,832;2,3
;2,3
;2,3
40,836;
;2,3
;2,3
40,845;2,3
;2,2
;2,2
40,867;
;2,2
;2,3
40,959;2,2
;2,2
;2,2
41,020;
;2,1
;2,1
41,055;2,1
;2,1
;2,1
41,076;
;2,1
;2,1
41,085;2,1
;2,1
;2,1
41,098;
;2,1
;2,1
41,107;2,1
;2,1
;2,1
41,124;
;2,1
;2,1
41,164;2,1
;2,1
;2,1
41,233;
;2,1
;2,1
41,308;2,1
;2,1
;2,1
41,417;
;2,1
;2,1
41,565;2,2
;2,2
;2,2
41,718;
;2,3
;2,3
41,836;2,4
;2,4
;2,5
41,927;
;2,5
;2,6
42,014;2,6
;2,6
;2,7
42,115;
;2,7
;2,8
42,206;2,9
;2,9
;3,0
42,276;
;3,0
;3,1
42,337;3,1
;3,2
;3,2
42,425;
;3,3
;3,3
42,529;3,4
;3,5
;3,6
42,634;
;3,7
;3,8
42,721;3,9
;3,9
;4,0
42,822;
;4,0
;4,1
42,926;4,1
;4,2
;4,2
43,035;
;4,2
;4,2
43,127;4,2
;4,2
;4,2
43,158;
;4,2
;4,2
43,193;4,2
;4,2
;4,1
43,258;
;4,1
;4,1
43,350;4,1
;4,1
;4,0
43,446;
;4,0
;4,0
43,559;4,0
;4,0
;3,9
43,699;
;3,9
;4,0
43,821;4,0
;4,0
;4,1
43,912;
;4,1
;4,2
43,952;4,2
;4,3
;4,3
43,978;
;4,3
;4,3
44,056;4,3
;4,4
;4,4
44,166;
;4,5
;4,5
44,305;4,6
;4,7
;4,8
44,419;
;4,8
;4,8
44,519;4,8
;4,8
;4,8
44,619;
;4,7
;4,7
44,720;4,6
;4,5
;4,5
44,816;
;4,4
;4,3
44,877;4,2
;4,1
;4,0
44,907;
;4,0
;3,9
44,947;3,9
;3,9
;3,9
44,990;
;3,8
;3,8
45,034;3,7
;3,6
;3,6
45,077;
;3,5
;3,5
45,121;3,4
;3,4
;3,4
45,143;
;3,3
;3,3
45,173;3,2
;3,2
;3,2
45,204;
;3,1
;3,1
45,243;3,1
;3,1
;3,1
45,274;
;3,0
;3,0
45,304;3,0
;3,0
;2,9
45,331;
;2,9
;2,9
45,357;2,9
;2,9
;2,9
45,400;
;2,8
;2,8
45,466;2,8
;2,8
;2,8
45,549;
;2,8
;2,8
45,662;2,8
;2,8
;2,9
45,749;
;2,9
;3,0
45,819;3,0
;3,0
;3,1
45,867;
;3,1
;3,1
45,902;3,2
;3,2
;3,2
45,933;
;3,3
;3,3
45,963;3,3
;3,3
;3,3
46,007;
;3,4
;3,4
46,046;3,4
;3,4
;3,4
46,072;
;3,4
;3,5
46,112;3,5
;3,5
;3,5
46,146;
;3,5
;3,5
46,190;3,6
;3,6
;3,6
46,242;
;3,6
;3,6
46,273;3,6
;3,6
;3,7
46,312;
;3,6
;3,7
46,343;3,7
;3,7
;3,7
46,378;
;3,7
;3,7
46,408;3,7
;3,7
;3,6
46,443;
;3,6
;3,6
46,478;3,6
;3,7
;3,6
46,522;
;3,6
;3,6
46,565;3,6
;3,6
;3,6
46,613;
;3,6
;3,5
46,692;3,5
;3,4
;3,4
46,775;
;3,4
;3,4
46,880;3,3
;3,2
;3,2
46,954;
;3,1
;3,1
47,024;3,0
;3,0
;2,9
47,080;
;2,9
;2,9
47,141;2,8
;2,8
;2,8
47,198;
;2,7
;2,7
47,255;2,7
;2,6
;2,6
47,312;
;2,6
;2,6
47,381;2,5
;2,5
;2,4
47,438;
;2,4
;2,4
47,486;2,4
;2,4
;2,4
47,534;
;2,3
;2,3
47,573;2,3
;2,3
;2,3
47,608;
;2,3
;2,3
47,639;2,3
;2,3
;2,3
47,678;
;2,2
;2,2
47,713;2,2
;2,2
;2,2
47,748;
;2,2
;2,2
47,787;2,2
;2,2
;2,2
47,826;
;2,2
;2,2
47,861;2,2
;2,2
;2,2
47,905;
;2,2
;2,2
47,944;2,2
;2,2
;2,2
47,983;
;2,2
;2,2
48,049;2,2
;2,2
;2,2
48,088;
;2,2
;2,2
48,110;2,2
;2,2
;2,2
48,114;
;2,2
;2,2
48,136;2,2
;2,2
;2,2
48,202;
;2,2
;2,2
48,223;2,2
;2,2
;2,2
48,223;
;2,2
;2,2
48,232;2,2
;2,2
;2,3
48,241;
;2,3
;2,3
48,250;2,2
;2,2
;2,2
48,254;
;2,2
;2,2
48,263;2,2
;2,3
;2,3
48,289;
;2,3
;2,3
48,315;2,3
;2,3
;2,3
48,346;
;2,3
;2,3
48,381;2,3
;2,3
;2,3
48,415;
;2,3
;2,3
48,455;2,3
;2,3
;2,3
48,503;
;2,3
;2,3
48,538;2,3
;2,3
;2,3
48,568;
;2,4
;2,3
48,607;2,4
;2,4
;2,4
48,651;
;2,4
;2,4
48,686;2,4
;2,4
;2,4
48,734;
;2,4
;2,4
48,769;2,4
;2,4
;2,4
48,791;
;2,4
;2,4
48,826;2,4
;2,4
;2,4
48,865;
;2,4
;2,4
48,917;2,4
;2,4
;2,4
48,970;
;2,4
;2,4
48,996;2,4
;2,3
;2,3
49,018;
;2,3
;2,3
49,022;2,3
;2,3
;2,3
49,039;
;2,3
;2,3
49,070;2,3
;2,3
;2,3
49,092;
;2,3
;2,3
49,162;2,3
;2,3
;2,3
49,275;
;2,3
;2,3
49,384;2,2
;2,2
;2,2
49,493;
;2,2
;2,2
49,576;2,1
;2,1
;2,1
49,637;
;2,1
;2,1
49,663;2,1
;2,1
;2,1
49,681;
;2,1
;2,1
49,694;2,1
;2,1
;2,1
49,703;
;2,1
;2,1
49,716;2,1
;2,1
;2,1
49,742;
;2,1
;2,1
49,777;2,1
;2,0
;2,0
49,829;
;2,0
;2,0
49,877;2,0
;2,0
;2,0
49,943;
;2,0
;2,0
50,030;2,0
;2,0
;2,0
50,082;
;2,0
;2,0
50,117;2,0
;2,0
;2,0
50,165;
;2,0
;2,0
50,196;2,0
;2,0
;2,0
50,213;
;2,0
;2,0
50,252;2,0
;2,0
;1,9
50,292;
;1,9
;1,9
50,322;1,9
;1,9
;1,9
50,388;
;1,9
;1,9
50,466;1,9
;1,9
;1,9
50,536;
;1,9
;1,9
50,615;1,9
;1,9
;1,9
50,658;
;1,9
;1,9
50,702;1,9
;1,9
;1,9
50,754;
;1,9
;1,9
50,807;1,9
;1,9
;1,9
50,872;
;1,9
;1,9
50,933;1,8
;1,9
;1,8
51,012;
;1,8
;1,8
51,081;1,8
;1,8
;1,8
51,169;
;1,8
;1,8
51,247;1,8
;1,8
;1,8
51,304;
;1,8
;1,8
51,348;1,8
;1,8
;1,8
51,374;
;1,8
;1,8
51,400;1,8
;1,8
;1,8
51,413;
;1,8
;1,8
51,430;1,8
;1,8
;1,8
51,448;
;1,8
;1,8
51,470;1,8
;1,8
;1,8
51,500;
;1,7
;1,7
51,526;1,7
;1,7
;1,7
51,557;
;1,7
;1,7
51,592;1,7
;1,7
;1,7
51,631;
;1,7
;1,7
51,670;1,7
;1,7
;1,7
51,714;
;1,7
;1,7
51,758;1,7
;1,7
;1,7
51,806;
;1,7
;1,7
51,841;1,7
;1,7
;1,7
51,884;
;1,7
;1,7
51,928;1,7
;1,7
;1,6
51,972;
;1,7
;1,6
52,006;1,6
;1,6
;1,6
52,072;
;1,6
;1,6
52,116;1,6
;1,6
;1,6
52,159;
;1,6
;1,6
52,220;1,6
;1,6
;1,6
52,268;
;1,6
;1,6
52,312;1,6
;1,6
;1,6
52,347;
;1,6
;1,6
52,373;1,6
;1,6
;1,6
52,395;
;1,6
;1,6
52,430;1,6
;1,6
;1,6
52,469;
;1,6
;1,6
52,513;1,5
;1,5
;1,6
52,552;
;1,5
;1,5
52,595;1,5
;1,5
;1,5
52,630;
;1,5
;1,5
52,674;1,5
;1,5
;1,5
52,722;
;1,5
;1,5
52,770;1,5
;1,5
;1,5
52,835;
;1,5
;1,5
52,892;1,6
;1,6
;1,6
52,927;
;1,6
;1,6
52,958;1,5
;1,6
;1,6
52,975;
;1,6
;1,6
52,993;1,6
;1,6
;1,6
53,027;
;1,6
;1,6
53,054;1,6
;1,6
;1,6
53,089;
;1,6
;1,6
53,145;1,6
;1,6
;1,6
53,202;
;1,6
;1,6
53,272;1,6
;1,6
;1,6
53,350;
;1,6
;1,6
53,420;1,6
;1,6
;1,6
53,512;
;1,6
;1,6
53,582;1,6
;1,6
;1,6
53,630;
;1,6
;1,6
53,678;1,6
;1,6
;1,6
53,730;
;1,6
;1,6
53,795;1,6
;1,6
;1,6
53,874;
;1,6
;1,6
53,952;1,6
;1,6
;1,6
54,031;
;1,6
;1,6
54,114;1,6
;1,6
;1,7
54,214;
;1,7
;1,7
54,315;1,7
;1,8
;1,8
54,402;
;1,8
;1,8
54,467;1,9
;1,9
;1,9
54,520;
;1,9
;1,9
54,572;1,9
;1,9
;1,9
54,620;
;2,0
;1,9
54,655;1,9
;2,0
;2,0
54,703;
;2,0
;2,0
54,742;2,0
;2,0
;2,0
54,760;
;2,0
;2,0
54,790;2,0
;2,0
;2,0
54,856;
;1,9
;1,9
54,921;1,9
;1,9
;1,9
54,982;
;1,9
;1,9
55,035;1,8
;1,8
;1,8
55,087;
;1,8
;1,8
55,135;1,7
;1,7
;1,7
55,174;
;1,7
;1,7
55,209;1,7
;1,6
;1,6
55,244;
;1,6
;1,6
55,266;1,6
;1,6
;1,6
55,296;
;1,5
;1,5
55,314;1,5
;1,5
;1,5
55,327;
;1,5
;1,5
55,349;1,5
;1,5
;1,5
55,384;
;1,5
;1,5
55,410;1,5
;1,4
;1,4
55,449;
;1,4
;1,4
55,484;1,4
;1,4
;1,4
55,523;
;1,4
;1,4
55,567;1,3
;1,3
;1,3
55,611;
;1,3
;1,3
55,650;1,3
;1,3
;1,3
55,693;
;1,3
;1,3
55,724;1,2
;1,2
;1,2
55,755;
;1,2
;1,2
55,776;1,2
;1,2
;1,2
55,807;
;1,2
;1,2
55,859;1,2
;1,2
;1,2
55,920;
;1,2
;1,2
55,990;1,2
;1,2
;1,2
56,056;
;1,2
;1,2
56,091;1,2
;1,1
;1,2
56,117;
;1,2
;1,1
56,143;1,2
;1,1
;1,1
56,173;
;1,1
;1,1
56,204;1,1
;1,1
;1,1
56,239;
;1,1
;1,1
56,274;1,1
;1,1
;1,1
56,317;
;1,1
;1,1
56,361;1,1
;1,1
;1,1
56,405;
;1,1
;1,1
56,474;1,1
;1,1
;1,1
56,540;
;1,1
;1,1
56,610;1,1
;1,1
;1,1
56,684;
;1,1
;1,1
56,771;1,1
;1,1
;1,1
56,858;
;1,1
;1,1
56,954;1,1
;1,1
;1,1
57,050;
;1,1
;1,1
57,146;1,1
;1,1
;1,1
57,234;
;1,1
;1,1
57,317;1,1
;1,1
;1,1
57,408;
;1,1
;1,1
57,487;1,1
;1,1
;1,1
57,578;
;1,1
;1,1
57,661;1,1
;1,1
;1,1
57,749;
;1,1
;1,1
57,818;1,2
;1,2
;1,2
57,888;
;1,2
;1,2
57,954;1,2
;1,2
;1,2
58,010;
;1,2
;1,2
58,071;1,2
;1,2
;1,3
58,111;
;1,3
;1,3
58,133;1,3
;1,3
;1,3
58,154;
;1,3
;1,3
58,189;1,3
;1,3
;1,3
58,224;
;1,3
;1,3
58,342;1,3
;1,4
;1,4
58,447;
;1,5
;1,5
58,530;1,5
;1,5
;1,5
58,595;
;1,6
;1,6
58,678;1,6
;1,6
;1,7
58,748;
;1,7
;1,7
58,822;1,7
;1,7
;1,7
58,900;
;1,7
;1,7
58,966;1,7
;1,7
;1,7
59,031;
;1,8
;1,7
59,097;1,7
;1,7
;1,7
59,149;
;1,7
;1,7
59,175;1,7
;1,7
;1,7
59,210;
;1,7
;1,7
59,254;1,7
;1,7
;1,7
59,284;
;1,7
;1,7
59,306;1,7
;1,7
;1,7
59,328;
;1,7
;1,7
59,350;1,7
;1,7
;1,7
59,367;
;1,6
;1,6
59,389;1,7
;1,7
;1,6
59,411;
;1,6
;1,6
59,424;1,6
;1,6
;1,6
59,433;
;1,6
;1,6
59,455;1,6
;1,6
;1,6
59,485;
;1,6
;1,6
59,529;1,6
;1,6
;1,6
59,568;
;1,6
;1,6
59,599;1,6
;1,6
;1,6
59,625;
;1,5
;1,5
59,664;1,5
;1,5
;1,5
59,703;
;1,5
;1,5
59,756;1,5
;1,5
;1,5
59,804;
;1,5
;1,5
59,852;1,5
;1,5
;1,5
59,891;
;1,5
;1,5
59,926;1,5
;1,5
;1,5
59,965;
;1,5
;1,5
59,996;1,5
;1,5
;1,5
60,035;
;1,5
;1,4
60,083;1,4
;1,4
;1,4
60,113;
;1,4
;1,4
60,144;1,4
;1,4
;1,4
60,170;
;1,4
;1,4
60,205;1,4
;1,4
;1,4
60,240;
;1,4
;1,4
60,297;1,4
;1,4
;1,4
60,340;
;1,4
;1,4
60,401;1,4
;1,4
;1,4
60,476;
;1,4
;1,4
60,554;1,4
;1,4
;1,3
60,624;
;1,3
;1,3
60,694;1,3
;1,3
;1,3
60,768;
;1,3
;1,3
60,851;1,3
;1,3
;1,3
60,903;
;1,3
;1,3
60,960;1,3
;1,3
;1,3
61,012;
;1,3
;1,3
61,069;1,3
;1,3
;1,3
61,108;
;1,3
;1,3
61,161;1,3
;1,3
;1,3
61,200;
;1,3
;1,3
61,235;1,3
;1,3
;1,3
61,274;
;1,2
;1,3
61,300;1,3
;1,3
;1,3
61,322;
;1,3
;1,3
61,374;1,3
;1,2
;1,3
61,418;
;1,3
;1,3
61,457;1,2
;1,2
;1,2
61,484;
;1,2
;1,2
61,514;1,2
;1,2
;1,2
61,553;
;1,2
;1,2
61,580;1,2
;1,3
;1,2
61,619;
;1,2
;1,2
61,649;1,2
;1,2
;1,2
61,684;
;1,2
;1,2
61,715;1,2
;1,2
;1,2
61,745;
;1,2
;1,2
61,772;1,2
;1,2
;1,2
61,806;
;1,2
;1,2
61,846;1,2
;1,2
;1,2
61,868;
;1,2
;1,2
61,902;1,2
;1,2
;1,2
61,924;
;1,2
;1,2
61,942;1,2
;1,2
;1,2
61,955;
;1,2
;1,2
61,968;1,2
;1,2
;1,2
61,977;
;1,2
;1,2
61,985;1,2
;1,2
;1,2
61,998;
;1,2
;1,2
62,007;1,2
;1,2
;1,2
62,020;
;1,2
;1,2
62,038;1,2
;1,2
;1,2
62,055;
;1,2
;1,2
62,094;1,2
;1,2
;1,2
62,138;
;1,2
;1,2
62,195;1,2
;1,2
;1,2
62,260;
;1,2
;1,2
62,317;1,2
;1,2
;1,2
62,391;
;1,2
;1,2
62,448;1,2
;1,2
;1,2
62,500;
;1,2
;1,2
62,548;1,2
;1,2
;1,2
62,601;
;1,2
;1,2
62,653;1,2
;1,2
;1,2
62,710;
;1,2
;1,2
62,762;1,2
;1,2
;1,2
62,823;
;1,2
;1,2
62,875;1,2
;1,2
;1,2
62,923;
;1,2
;1,2
62,971;1,2
;1,2
;1,2
63,019;
;1,2
;1,1
63,072;1,2
;1,1
;1,1
63,115;
;1,1
;1,1
63,168;1,1
;1,1
;1,1
63,211;
;1,1
;1,1
63,238;1,1
;1,1
;1,1
63,277;
;1,1
;1,1
63,312;1,1
;1,1
;1,1
63,338;
;1,1
;1,1
63,373;1,1
;1,1
;1,1
63,399;
;1,1
;1,1
63,438;1,1
;1,1
;1,1
63,482;
;1,1
;1,1
63,517;1,1
;1,1
;1,1
63,552;
;1,1
;1,1
63,591;1,1
;1,1
;1,1
63,622;
;1,1
;1,1
63,648;1,1
;1,1
;1,1
63,674;
;1,1
;1,1
63,691;1,1
;1,1
;1,1
63,713;
;1,1
;1,1
63,726;1,1
;1,1
;1,1
63,735;
;1,1
;1,1
63,739;1,1
;1,1
;1,1
63,748;
;1,1
;1,1
63,757;1,1
;1,1
;1,1
63,766;
;1,1
;1,1
63,779;1,1
;1,1
;1,1
63,792;
;1,1
;1,1
63,805;1,1
;1,1
;1,1
63,818;
;1,1
;1,1
63,840;1,1
;1,1
;1,1
63,870;
;1,1
;1,1
63,905;1,1
;1,1
;1,1
63,953;
;1,1
;1,1
63,997;1,1
;1,1
;1,1
64,036;
;1,1
;1,1
64,071;1,1
;1,1
;1,1
64,115;
;1,1
;1,1
64,150;1,1
;1,1
;1,1
64,184;
;1,1
;1,1
64,219;1,1
;1,1
;1,1
64,263;
;1,1
;1,0
64,307;1,1
;1,1
;1,0
64,355;
;1,0
;1,0
64,398;1,0
;1,0
;1,0
64,438;
;1,0
;1,0
64,464;1,0
;1,0
;1,0
64,481;
;1,0
;1,0
64,503;1,0
;1,0
;1,0
64,512;
;1,0
;1,0
64,555;1,0
;1,0
;1,0
64,612;
;1,0
;1,0
64,673;1,0
;1,0
;1,0
64,730;
;1,0
;1,0
64,795;1,0
;1,0
;1,0
64,865;
;1,0
;1,0
64,922;1,0
;1,0
;1,0
65,000;
;1,0
;1,0
65,062;1,0
;1,0
;1,0
65,123;
;1,0
;1,0
65,205;1,0
;1,0
;1,0
65,284;
;1,0
;1,0
65,367;1,0
;1,0
;1,0
65,450;
;1,0
;1,0
65,524;0,9
;0,9
;0,9
65,576;
;0,9
;0,9
65,607;0,9
;0,9
;0,9
65,629;
;0,9
;0,9
65,646;0,9
;0,9
;0,9
65,659;
;0,9
;0,9
65,677;0,9
;0,9
;0,9
65,694;
;0,9
;0,9
65,716;0,9
;0,9
;0,9
65,755;
;0,9
;0,9
65,803;0,9
;0,9
;0,9
65,847;
;0,9
;0,9
65,908;0,9
;0,9
;0,9
65,952;
;0,9
;0,9
66,004;0,9
;0,9
;0,9
66,052;
;0,9
;0,9
66,083;0,9
;0,9
;0,9
66,109;
;0,9
;0,9
66,148;0,9
;0,9
;0,9
66,179;
;0,9
;0,9
66,222;0,9
;0,9
;0,9
66,270;
;0,9
;0,9
66,305;0,9
;0,9
;0,9
66,340;
;0,9
;0,9
66,379;0,9
;0,9
;0,9
66,410;
;0,9
;0,9
66,453;0,9
;0,9
;0,9
66,523;
;0,9
;0,9
66,580;0,9
;0,9
;0,9
66,641;
;0,9
;0,9
66,715;0,9
;0,9
;0,9
66,772;
;0,9
;0,9
66,833;0,9
;0,9
;0,9
66,877;
;0,9
;0,9
66,925;0,9
;0,9
;0,9
66,960;
;0,9
;0,9
66,977;0,9
;0,9
;0,9
66,986;
;0,9
;0,9
67,003;0,9
;0,9
;0,9
67,021;
;0,9
;0,9
67,029;0,9
;0,9
;0,9
67,051;
;0,9
;0,9
67,077;0,9
;0,9
;0,9
67,117;
;0,9
;0,9
67,156;0,9
;0,9
;0,9
67,208;
;0,9
;0,9
67,261;0,9
;0,9
;0,9
67,296;
;0,9
;0,9
67,339;0,9
;0,9
;0,9
67,378;
;0,9
;1,0
67,409;1,0
;0,9
;1,0
67,466;
;1,0
;1,0
67,518;1,0
;1,0
;1,0
67,553;
;1,0
;1,0
67,592;1,0
;1,0
;1,0
67,636;
;1,0
;1,0
67,666;1,0
;1,0
;1,0
67,701;
;1,0
;1,0
67,745;1,0
;1,0
;1,0
67,780;
;1,0
;1,0
67,810;1,0
;1,0
;1,0
67,845;
;1,0
;1,0
67,889;1,0
;1,0
;1,0
67,924;
;1,0
;1,0
67,954;1,0
;1,0
;1,0
68,011;
;1,0
;1,0
68,059;1,0
;1,0
;1,0
68,111;
;1,0
;1,0
68,151;1,0
;1,0
;1,0
68,168;
;1,0
;1,0
68,212;1,0
;1,0
;1,0
68,273;
;1,0
;1,0
68,312;1,1
;1,1
;1,1
68,343;
;1,1
;1,1
68,360;1,1
;1,1
;1,1
68,373;
;1,1
;1,1
68,386;1,1
;1,1
;1,1
68,404;
;1,1
;1,1
68,452;1,1
;1,1
;1,1
68,495;
;1,1
;1,1
68,530;1,1
;1,1
;1,1
68,548;
;1,1
;1,1
68,565;1,1
;1,1
;1,1
68,578;
;1,1
;1,1
68,591;1,1
;1,1
;1,1
68,605;
;1,1
;1,1
68,639;1,1
;1,1
;1,1
68,679;
;1,1
;1,1
68,731;1,1
;1,1
;1,1
68,766;
;1,1
;1,1
68,797;1,1
;1,1
;1,1
68,836;
;1,1
;1,1
68,871;1,2
;1,2
;1,1
68,901;
;1,1
;1,1
68,936;1,1
;1,1
;1,1
68,962;
;1,1
;1,1
68,984;1,2
;1,2
;1,2
69,015;
;1,2
;1,2
69,054;1,2
;1,3
;1,4
69,084;
;1,3
;1,2
69,115;1,2
;1,3
;1,3
69,146;
;1,2
;1,2
69,172;1,2
;1,2
;1,2
69,189;
;1,2
;1,2
69,228;1,3
;1,3
;1,2
69,259;
;1,3
;1,3
69,268;1,2
;1,2
;1,3
69,276;
;1,3
;1,3
69,303;1,2
;1,3
;1,3
69,359;
;1,2
;1,2
69,429;1,2
;1,3
;1,2
69,499;
;1,2
;1,3
69,582;1,3
;1,3
;1,2
69,665;
;1,2
;1,2
69,743;1,3
;1,3
;1,3
69,818;
;1,3
;1,3
69,874;1,3
;1,3
;1,3
69,927;
;1,3
;1,3
69,983;1,3
;1,3
;1,3
70,053;
;1,3
;1,3
70,123;1,3
;1,3
;1,3
70,188;
;1,3
;1,3
70,263;1,3
;1,3
;1,4
70,315;
;1,4
;1,4
70,345;1,4
;1,4
;1,4
70,380;
;1,4
;1,4
70,411;1,4
;1,4
;1,4
70,446;
;1,4
;1,4
70,468;1,4
;1,4
;1,4
70,485;
;1,4
;1,4
70,498;1,4
;1,4
;1,4
70,503;
;1,4
;1,4
70,503;1,4
;1,4
;1,4
70,503;
;1,4
;1,4
70,503;1,4
;1,4
;1,4
70,507;
;1,4
;1,4
70,507;1,4
;1,4
;1,4
70,507;
;1,4
;1,4
70,507;1,4
;1,4
;1,4
70,507;
;1,4
;1,4
70,507;1,4
;1,4
;1,4
70,507;
;1,4
;1,4
70,511;1,4
;1,4
;1,4
70,524;
;1,4
;1,4
70,529;1,4
;1,4
;1,4
70,529;
;1,4
;1,4
70,533;1,4
;1,4
;1,4
70,537;
;1,4
;1,4
70,555;1,4
;1,4
;1,4
70,577;
;1,4
;1,4
70,603;1,4
;1,4
;1,4
70,638;
;1,5
;1,5
70,664;1,5
;1,5
;1,5
70,681;
;1,5
;1,5
70,686;1,5
;1,5
;1,5
70,725;
;1,5
;1,5
70,786;1,5
;1,5
;1,5
70,843;
;1,5
;1,5
70,878;1,6
;1,6
;1,6
70,908;
;1,6
;1,6
70,961;1,6
;1,6
;1,6
71,004;
;1,6
;1,7
71,048;1,7
;1,7
;1,7
71,087;
;1,7
;1,7
71,109;1,7
;1,7
;1,7
71,127;
;1,7
;1,7
71,153;1,7
;1,7
;1,7
71,205;
;1,7
;1,8
71,257;1,8
;1,8
;1,8
71,319;
;1,8
;1,9
71,384;1,9
;1,9
;1,9
71,449;
;1,9
;2,0
71,515;2,0
;2,0
;2,0
71,598;
;2,0
;2,1
71,676;2,1
;2,1
;2,2
71,764;
;2,2
;2,2
71,864;2,3
;2,3
;2,3
72,004;
;2,4
;2,4
72,078;2,5
;2,5
;2,5
72,182;
;2,5
;2,6
72,300;2,6
;2,7
;2,7
72,418;
;2,8
;2,8
72,501;2,9
;2,9
;3,0
72,584;
;3,0
;3,0
72,667;3,1
;3,1
;3,2
72,750;
;3,3
;3,3
72,828;3,4
;3,5
;3,5
72,898;
;3,6
;3,7
72,968;3,8
;3,9
;4,0
73,020;
;4,2
;4,4
73,055;4,6
;4,7
;4,9
73,068;
;5,0
;5,1
73,094;5,1
;5,3
;5,5
73,125;
;5,8
;6,0
73,147;6,2
;6,5
;6,8
73,186;
;6,9
;7,4
73,208;8,2
;8,7
;8,7
73,234;
;9,1
;9,6
73,256;10,2
;10,7
;11,3
73,269;
;11,7
;12,1
73,273;12,2
;12,4
;12,6
73,282;
;12,4
;12,3
73,308;12,7
;13,3
;14,1
73,339;
;15,3
;16,2
73,382;17,4
;18,4
;19,4
73,443;
;21,8
;25,2
73,483;27,4
;30,2
;32,1
73,531;
;33,9
;36,4
73,587;39,7
;42,9
;46,8
73,640;
;50,7
;55,0
73,688;58,9
;62,0
;64,6
73,749;
;68,7
;73,3
73,801;77,7
;82,6
;85,5
73,858;
;87,5
;88,8
73,889;89,7
;90,3
;90,7
73,910;
;91,5
;92,0
73,932;91,9
;92,1
;92,6
73,963;
;92,6
;92,8
73,993;93,1
;93,5
;93,8
74,032;
;93,8
;94,2
74,072;94,5
;94,8
;95,0
74,133;
;95,2
;95,3
74,198;95,5
;95,6
;95,8
74,251;
;95,7
;95,8
74,303;95,8
;95,6
;95,6
74,360;
;95,5
;95,5
74,425;95,1
;94,7
;94,6
74,473;
;94,4
;94,2
74,512;93,8
;93,5
;93,1
74,560;
;93,0
;92,6
74,591;92,2
;91,5
;91,1
74,635;
;90,9
;90,0
74,687;89,1
;88,3
;87,1
74,735;
;85,4
;83,2
74,787;80,8
;76,8
;73,3
74,822;
;70,5
;67,8
74,844;65,1
;63,3
;62,1
74,875;
;61,4
;60,3
74,927;57,7
;54,3
;50,8
74,992;
;46,4
;42,1
75,032;38,8
;36,7
;35,5
75,084;
;34,3
;31,5
75,106;28,5
;26,6
;26,4
75,150;
;26,2
;25,5
75,211;24,0
;21,5
;19,2
75,267;
;17,2
;15,4
75,315;14,4
;13,8
;13,3
75,376;
;12,3
;11,2
75,442;10,1
;9,0
;8,2
75,503;
;7,5
;7,0
75,551;6,6
;6,3
;6,0
75,599;
;5,6
;5,3
75,629;5,1
;5,0
;4,8
75,651;
;4,8
;4,7
75,686;4,6
;4,5
;4,3
75,712;
;4,3
;4,2
75,760;4,1
;4,0
;3,9
75,835;
;3,8
;3,7
75,913;3,5
;3,4
;3,3
75,970;
;3,3
;3,2
76,035;3,2
;3,1
;3,1
76,109;
;3,0
;2,9
76,144;2,9
;2,9
;2,9
76,197;
;2,9
;2,8
76,227;2,8
;2,7
;2,7
76,236;
;2,7
;2,7
76,258;2,7
;2,7
;2,7
76,280;
;2,7
;2,7
76,288;2,7
;2,7
;2,7
76,336;
;2,7
;2,6
76,371;2,6
;2,6
;2,6
76,424;
;2,6
;2,5
76,476;2,5
;2,5
;2,5
76,524;
;2,5
;2,4
76,585;2,4
;2,4
;2,4
76,637;
;2,4
;2,3
76,694;2,3
;2,3
;2,3
76,764;
;2,3
;2,3
76,816;2,2
;2,2
;2,2
76,847;
;2,2
;2,2
76,877;2,2
;2,2
;2,1
76,895;
;2,2
;2,1
76,925;2,2
;2,1
;2,1
76,952;
;2,1
;2,1
76,986;2,1
;2,1
;2,1
77,017;
;2,1
;2,1
77,048;2,1
;2,1
;2,1
77,078;
;2,1
;2,0
77,113;2,0
;2,0
;2,0
77,130;
;2,0
;2,0
77,157;2,0
;2,0
;2,0
77,200;
;2,0
;2,0
77,244;2,0
;2,0
;2,0
77,309;
;1,9
;1,9
77,344;1,9
;1,9
;1,9
77,410;
;1,9
;1,9
77,475;1,9
;1,9
;1,8
77,532;
;1,9
;1,8
77,584;1,8
;1,8
;1,8
77,637;
;1,8
;1,8
77,672;1,8
;1,8
;1,8
77,715;
;1,8
;1,8
77,767;1,8
;1,7
;1,7
77,829;
;1,7
;1,7
77,898;1,7
;1,7
;1,7
77,981;
;1,7
;1,7
78,069;1,7
;1,6
;1,6
78,156;
;1,6
;1,6
78,247;1,6
;1,6
;1,6
78,326;
;1,6
;1,6
78,400;1,5
;1,5
;1,5
78,474;
;1,5
;1,5
78,566;1,5
;1,5
;1,5
78,658;
;1,5
;1,5
78,727;1,5
;1,4
;1,4
78,789;
;1,4
;1,4
78,876;1,4
;1,4
;1,4
78,950;
;1,4
;1,4
79,002;1,4
;1,4
;1,4
79,081;
;1,4
;1,4
79,172;1,3
;1,3
;1,3
79,247;
;1,3
;1,3
79,308;1,3
;1,3
;1,3
79,364;
;1,3
;1,3
79,430;1,3
;1,3
;1,3
79,482;
;1,3
;1,3
79,522;1,3
;1,3
;1,3
79,556;
;1,3
;1,3
79,591;1,3
;1,2
;1,2
79,639;
;1,2
;1,2
79,666;1,2
;1,2
;1,2
79,696;
;1,2
;1,2
79,722;1,2
;1,2
;1,2
79,740;
;1,2
;1,2
79,762;1,2
;1,2
;1,2
79,792;
;1,2
;1,2
79,818;1,2
;1,2
;1,2
79,853;
;1,2
;1,2
79,892;1,2
;1,2
;1,2
79,927;
;1,2
;1,2
79,967;1,2
;1,2
;1,2
80,015;
;1,2
;1,2
80,067;1,2
;1,2
;1,2
80,119;
;1,2
;1,2
80,154;1,2
;1,2
;1,2
80,185;
;1,2
;1,2
80,215;1,2
;1,2
;1,2
80,272;
;1,2
;1,1
80,346;1,1
;1,1
;1,1
80,425;
;1,1
;1,1
80,529;1,1
;1,1
;1,1
80,608;
;1,1
;1,1
80,660;1,1
;1,1
;1,1
80,700;
;1,1
;1,1
80,765;1,1
;1,1
;1,1
80,835;
;1,1
;1,1
80,900;1,1
;1,1
;1,1
80,953;
;1,1
;1,1
80,988;1,1
;1,1
;1,1
81,018;
;1,1
;1,1
81,040;1,1
;1,1
;1,1
81,127;
;1,1
;1,1
81,263;1,1
;1,1
;1,1
81,398;
;1,1
;1,1
81,529;1,0
;1,0
;1,0
81,646;
;1,0
;1,0
81,738;1,0
;1,0
;1,0
81,804;
;1,0
;1,0
81,869;1,0
;1,0
;1,0
81,930;
;1,0
;1,0
81,982;1,0
;1,0
;1,0
82,030;
;1,0
;1,0
82,061;1,0
;1,0
;1,0
82,096;
;1,0
;1,0
82,170;1,0
;1,0
;1,0
82,275;
;1,0
;1,0
82,375;1,0
;1,0
;1,0
82,467;
;1,0
;1,0
82,510;1,0
;1,0
;1,0
82,545;
;1,0
;1,0
82,576;1,0
;1,0
;1,0
82,620;
;1,0
;1,0
82,676;1,0
;1,0
;1,0
82,750;
;1,0
;1,0
82,777;1,0
;1,0
;1,0
82,811;
;1,0
;1,0
82,842;1,0
;1,0
;1,0
82,873;
;1,0
;1,0
82,912;1,0
;1,0
;1,0
82,938;
;1,0
;1,0
82,982;1,0
;1,0
;1,0
83,021;
;1,0
;1,0
83,069;1,0
;1,0
;1,0
83,121;
;1,0
;1,0
83,182;1,0
;1,0
;1,0
83,239;
;1,0
;1,0
83,274;1,0
;1,0
;1,0
83,331;
;1,0
;1,0
83,383;1,0
;1,0
;1,0
83,440;
;1,0
;1,0
83,497;1,0
;1,0
;1,0
83,553;
;1,0
;1,0
83,606;1,0
;1,0
;1,0
83,662;
;1,0
;1,0
83,715;1,0
;1,0
;1,0
83,758;
;1,0
;1,0
83,824;1,0
;1,0
;1,0
83,863;
;1,0
;1,0
83,881;1,0
;1,0
;1,0
83,881;
;1,0
;1,0
83,881;1,0
;1,0
;0,9
83,885;
;1,0
;1,0
83,915;1,0
;1,0
;1,0
84,003;
;1,0
;1,0
84,077;1,0
;1,0
;1,0
84,147;
;1,0
;1,0
84,212;0,9
;1,0
;0,9
84,304;
;1,0
;1,0
84,365;0,9
;0,9
;1,0
84,382;
;0,9
;0,9
84,408;0,9
;1,0
;0,9
84,452;
;0,9
;1,0
84,513;0,9
;1,0
;0,9
84,566;
;1,0
;1,0
84,614;1,0
;0,9
;0,9
84,653;
;0,9
;0,9
84,688;1,0
;1,0
;1,0
84,731;
;0,9
;0,9
84,792;0,9
;0,9
;0,9
84,871;
;1,0
;1,0
84,958;0,9
;0,9
;1,0
85,041;
;0,9
;0,9
85,120;0,9
;1,0
;0,9
85,203;
;1,0
;0,9
85,329;1,0
;0,9
;1,0
85,451;
;1,0
;1,0
85,508;1,0
;1,0
;0,9
85,569;
;1,0
;1,0
85,648;1,0
;1,0
;1,0
85,744;
;1,0
;1,0
85,831;1,0
;1,0
;1,0
85,892;
;1,0
;1,0
85,966;1,0
;1,0
;1,0
86,040;
;1,0
;1,0
86,128;1,0
;1,0
;1,0
86,215;
;1,0
;1,0
86,315;1,0
;1,0
;1,0
86,407;
;1,0
;1,0
86,464;1,0
;1,0
;1,0
86,512;
;1,0
;1,0
86,564;1,0
;1,0
;1,0
86,642;
;1,0
;1,0
86,690;1,0
;1,0
;1,0
86,734;
;1,0
;1,0
86,791;1,0
;1,0
;1,0
86,878;
;1,0
;1,0
86,965;1,1
;1,1
;1,1
87,053;
;1,1
;1,1
87,162;1,1
;1,1
;1,1
87,223;
;1,2
;1,2
87,266;1,2
;1,2
;1,2
87,288;
;1,2
;1,2
87,323;1,2
;1,2
;1,2
87,367;
;1,2
;1,2
87,402;1,2
;1,2
;1,2
87,445;
;1,2
;1,2
87,511;1,2
;1,2
;1,2
87,576;
;1,2
;1,3
87,646;1,3
;1,3
;1,3
87,725;
;1,3
;1,3
87,812;1,3
;1,3
;1,3
87,882;
;1,3
;1,3
87,943;1,3
;1,3
;1,3
88,082;
;1,3
;1,3
88,235;1,4
;1,4
;1,5
88,362;
;1,5
;1,6
88,440;1,6
;1,6
;1,7
88,567;
;1,7
;1,8
88,671;1,8
;1,9
;1,9
88,776;
;2,0
;2,0
88,907;2,1
;2,1
;2,2
89,034;
;2,2
;2,2
89,147;2,3
;2,3
;2,4
89,247;
;2,4
;2,5
89,326;2,6
;2,6
;2,7
89,387;
;2,8
;2,8
89,474;2,8
;2,9
;3,0
89,605;
;3,0
;3,2
89,701;3,3
;3,4
;3,6
89,788;
;3,6
;3,6
89,858;3,7
;3,7
;3,8
89,980;
;3,8
;3,9
90,072;3,9
;3,9
;3,9
90,164;
;3,9
;3,9
90,286;3,9
;3,9
;3,7
90,434;
;3,6
;3,4
90,565;3,3
;3,2
;3,0
90,665;
;2,8
;2,6
90,713;2,5
;2,4
;2,4
90,727;
;2,5
;2,5
90,775;2,4
;2,4
;2,2
90,809;
;2,2
;2,2
90,836;2,1
;2,2
;2,2
90,871;
;2,1
;2,1
90,940;2,0
;1,9
;1,8
91,032;
;1,8
;1,7
91,119;1,7
;1,6
;1,5
91,211;
;1,4
;1,4
91,298;1,3
;1,3
;1,3
91,385;
;1,3
;1,3
91,490;1,2
;1,2
;1,2
91,595;
;1,2
;1,2
91,704;1,1
;1,2
;1,1
91,830;
;1,1
;1,1
91,931;1,1
;1,1
;1,1
92,027;
;1,1
;1,1
92,132;1,1
;1,1
;1,1
92,249;
;1,1
;1,1
92,350;1,1
;1,1
;1,1
92,437;
;1,1
;1,1
92,507;1,1
;1,1
;1,1
92,550;
;1,1
;1,1
92,607;1,1
;1,1
;1,1
92,677;
;1,1
;1,1
92,751;1,1
;1,1
;1,1
92,869;
;1,1
;1,1
93,000;1,1
;1,2
;1,2
93,122;
;1,3
;1,3
93,231;1,4
;1,5
;1,6
93,327;
;1,7
;1,8
93,462;1,9
;2,1
;2,4
93,563;
;2,5
;2,7
93,672;2,9
;3,0
;3,2
93,785;
;3,4
;3,5
93,881;3,7
;3,8
;3,9
93,955;
;4,0
;4,1
94,047;4,1
;4,1
;4,1
94,165;
;4,1
;4,2
94,270;4,1
;4,1
;4,0
94,387;
;4,0
;3,8
94,492;3,7
;3,6
;3,5
94,610;
;3,3
;3,3
94,750;3,1
;3,0
;2,9
94,898;
;2,7
;2,6
95,055;2,6
;2,5
;2,4
95,168;
;2,4
;2,3
95,339;2,3
;2,2
;2,2
95,504;
;2,1
;2,0
95,683;1,9
;1,8
;1,7
95,840;
;1,6
;1,6
95,923;1,5
;1,4
;1,4
96,024;
;1,3
;1,3
96,124;1,3
;1,2
;1,2
96,194;
;1,2
;1,1
96,264;1,1
;1,1
;1,1
96,320;
;1,1
;1,1
96,390;1,1
;1,0
;1,0
96,443;
;1,0
;1,0
96,499;1,0
;1,0
;1,0
96,565;
;1,0
;1,0
96,652;1,0
;0,9
;0,9
96,761;
;0,9
;0,9
96,831;0,9
;0,9
;0,9
96,874;
;0,9
;0,9
96,914;0,9
;0,9
;0,9
96,927;
;0,9
;0,9
96,957;0,9
;0,9
;0,9
96,988;
;0,9
;0,9
97,040;0,9
;0,9
;0,9
97,101;
;0,9
;0,9
97,189;0,9
;0,9
;0,9
97,285;
;0,9
;0,9
97,363;0,9
;0,9
;0,9
97,446;
;0,9
;0,9
97,525;0,9
;0,9
;0,9
97,621;
;0,9
;0,9
97,752;0,9
;0,9
;0,9
97,878;
;0,9
;0,9
98,005;0,9
;0,9
;0,9
98,092;
;0,9
;0,9
98,131;0,9
;0,9
;0,9
98,170;
;0,9
;0,9
98,205;0,9
;0,9
;0,9
98,271;
;0,9
;0,9
98,354;0,9
;0,9
;0,9
98,445;
;0,9
;0,9
98,533;0,9
;0,9
;0,9
98,611;
;0,9
;0,9
98,711;0,9
;0,9
;0,9
98,807;
;0,9
;0,9
98,973;1,0
;1,0
;1,0
99,126;
;1,0
;1,1
99,252;1,1
;1,2
;1,2
99,383;
;1,3
;1,3
99,558;1,4
;1,5
;1,5
99,689;
;1,6
;1,6
99,846;1,7
;1,7
;1,7
99,986;
;1,7
;1,8
100,099;1,7
;1,7
;1,7
100,234;
;1,7
;1,7
100,396;1,7
;1,6
;1,6
100,557;
;1,6
;1,6
100,714;1,6
;1,6
;1,6
100,867;
;1,6
;1,7
101,020;1,7
;1,8
;1,9
101,098;
;2,0
;2,0
101,207;2,1
;2,2
;2,3
101,299;
;2,4
;2,5
101,382;2,6
;2,6
;2,7
101,482;
;2,9
;3,0
101,644;3,2
;3,3
;3,6
101,818;
;3,9
;4,2
101,966;4,4
;4,6
;4,9
102,084;
;5,1
;5,2
102,193;5,4
;5,5
;5,5
102,272;
;5,6
;5,7
102,324;5,7
;5,7
;5,7
102,377;
;5,8
;5,7
102,420;5,7
;5,8
;5,8
102,503;
;5,7
;5,7
102,617;5,6
;5,5
;5,4
102,721;
;5,2
;5,1
102,839;4,9
;4,8
;4,6
102,935;
;4,4
;4,3
103,005;4,2
;4,1
;4,0
103,057;
;4,0
;4,0
103,118;3,9
;3,9
;3,9
103,184;
;3,8
;3,8
103,227;3,8
;3,8
;3,8
103,284;
;3,9
;3,9
103,341;3,9
;3,9
;4,0
103,415;
;4,0
;4,2
103,502;4,3
;4,4
;4,6
103,568;
;4,8
;4,9
103,620;5,1
;5,2
;5,3
103,659;
;5,4
;5,5
103,686;5,6
;5,7
;5,7
103,716;
;5,8
;5,9
103,751;5,9
;6,1
;6,2
103,803;
;6,2
;6,3
103,869;6,5
;6,7
;6,8
103,965;
;7,0
;7,2
104,065;7,4
;7,6
;7,7
104,122;
;7,8
;7,8
104,192;7,9
;7,9
;8,0
104,257;
;8,0
;7,9
104,358;8,0
;7,9
;7,9
104,471;
;7,7
;7,5
104,637;7,4
;7,1
;6,8
104,768;
;6,5
;6,3
104,881;6,2
;6,1
;5,9
104,977;
;5,9
;5,8
105,082;5,7
;5,6
;5,6
105,204;
;5,7
;5,7
105,339;5,7
;5,8
;5,8
105,466;
;5,8
;5,9
105,597;5,9
;5,9
;5,9
105,723;
;5,8
;5,7
105,863;5,6
;5,4
;5,2
105,976;
;5,0
;4,8
106,055;4,7
;4,5
;4,3
106,133;
;4,2
;4,1
106,225;3,9
;3,7
;3,6
106,343;
;3,3
;3,1
106,491;2,9
;2,7
;2,5
106,661;
;2,3
;2,1
106,814;1,9
;1,8
;1,7
106,936;
;1,6
;1,6
107,019;1,5
;1,5
;1,4
107,089;
;1,4
;1,4
107,198;1,4
;1,4
;1,3
107,329;
;1,3
;1,3
107,451;1,3
;1,3
;1,3
107,560;
;1,3
;1,3
107,656;1,4
;1,4
;1,5
107,783;
;1,6
;1,7
107,918;1,8
;2,0
;2,2
108,097;
;2,5
;2,8
108,245;3,0
;3,4
;3,6
108,381;
;3,8
;4,0
108,442;4,1
;4,1
;4,2
108,498;
;4,3
;4,3
108,533;4,3
;4,3
;4,3
108,577;
;4,3
;4,3
108,616;4,4
;4,4
;4,4
108,660;
;4,4
;4,4
108,695;4,4
;4,4
;4,3
108,773;
;4,3
;4,3
108,847;4,2
;4,1
;4,0
108,878;
;4,0
;4,0
108,900;3,9
;3,9
;3,9
108,922;
;3,8
;3,8
109,031;3,8
;3,6
;3,4
109,118;
;3,3
;3,2
109,170;3,0
;2,9
;2,9
109,240;
;2,8
;2,7
109,332;2,6
;2,5
;2,3
109,454;
;2,2
;2,0
109,524;1,9
;1,8
;1,8
109,594;
;1,7
;1,6
109,698;1,6
;1,5
;1,4
109,772;
;1,4
;1,3
109,825;1,3
;1,3
;1,3
109,890;
;1,3
;1,3
109,986;1,2
;1,2
;1,3
110,056;
;1,3
;1,3
110,156;1,3
;1,3
;1,3
110,261;
;1,4
;1,4
110,383;1,4
;1,5
;1,6
110,554;
;1,6
;1,7
110,728;1,8
;1,8
;1,9
110,793;
;1,9
;1,9
110,885;1,9
;1,9
;1,8
111,025;
;1,8
;1,8
111,169;1,8
;1,7
;1,7
111,282;
;1,6
;1,6
111,431;1,5
;1,4
;1,4
111,535;
;1,3
;1,3
111,609;1,2
;1,2
;1,2
111,675;
;1,1
;1,1
111,749;1,1
;1,1
;1,0
111,862;
;1,0
;1,0
112,006;1,0
;1,0
;0,9
112,146;
;0,9
;0,9
112,294;1,0
;1,0
;1,0
112,377;
;1,0
;1,0
112,521;1,0
;1,1
;1,1
112,648;
;1,1
;1,1
112,840;1,2
;1,2
;1,2
112,984;
;1,2
;1,2
113,176;1,2
;1,2
;1,2
113,329;
;1,2
;1,1
113,507;1,1
;1,0
;1,0
113,643;
;1,0
;0,9
113,800;0,9
;0,9
;0,9
113,948;
;0,9
;0,9
114,070;0,9
;0,8
;0,8
114,201;
;0,8
;0,8
114,341;0,8
;0,8
;0,8
114,498;
;0,8
;0,8
114,655;0,8
;0,8
;0,8
114,843;
;0,8
;0,8
114,969;0,8
;0,8
;0,8
115,017;
;0,8
;0,8
115,070;0,8
;0,8
;0,8
115,135;
;0,8
;0,8
115,222;0,8
;0,8
;0,8
115,296;
;0,8
;0,8
115,349;0,8
;0,8
;0,8
115,406;
;0,8
;0,8
115,449;0,8
;0,8
;0,8
115,488;
;0,8
;0,8
115,519;0,8
;0,8
;0,8
115,528;
;0,8
;0,8
115,532;0,8
;0,8
;0,8
115,541;
;0,8
;0,8
115,554;0,8
;0,8
;0,8
115,593;
;0,8
;0,8
115,654;0,8
;0,8
;0,8
115,741;
;0,8
;0,8
115,851;0,8
;0,8
;0,8
115,968;
;0,8
;0,8
116,104;0,8
;0,8
;0,8
116,204;
;0,8
;0,8
116,283;0,8
;0,8
;0,8
116,352;
;0,8
;0,8
116,427;0,8
;0,8
;0,8
116,523;
;0,8
;0,8
116,614;0,8
;0,8
;0,8
116,723;
;0,8
;0,8
116,802;0,8
;0,8
;0,8
116,859;
;0,8
;0,8
116,902;0,8
;0,8
;0,8
116,963;
;0,8
;0,8
117,055;0,8
;0,8
;0,8
117,177;
;0,8
;0,8
117,251;0,7
;0,7
;0,7
117,312;
;0,7
;0,7
117,330;0,7
;0,7
;0,7
117,334;
;0,7
;0,7
117,338;0,7
;0,7
;0,7
117,338;
;0,7
;0,7
117,343;0,7
;0,7
;0,7
117,369;
;0,7
;0,7
117,430;0,7
;0,7
;0,7
117,535;
;0,7
;0,7
117,670;0,7
;0,7
;0,7
117,788;
;0,7
;0,7
117,919;0,7
;0,7
;0,7
118,037;
;0,7
;0,7
118,098;0,7
;0,7
;0,7
118,167;
;0,7
;0,7
118,259;0,7
;0,7
;0,7
118,368;
;0,7
;0,7
118,512;0,7
;0,7
;0,7
118,669;
;0,7
;0,7
118,822;0,7
;0,7
;0,7
118,949;
;0,7
;0,7
119,071;0,7
;0,7
;0,7
119,141;
;0,7
;0,7
119,241;0,7
;0,7
;0,7
119,346;
;0,7
;0,7
119,511;0,7
;0,7
;0,7
119,673;
;0,7
;0,7
119,799;0,7
;0,7
;0,7
119,913;
;0,7
;0,7
120,022;0,7
;0,7
;0,7
120,170;
;0,7
;0,7
120,301;0,7
;0,7
;0,7
120,384;
;0,7
;0,7
120,476;0,7
;0,7
;0,7
120,576;
;0,7
;0,7
120,672;0,7
;0,7
;0,7
120,751;
;0,7
;0,7
120,825;0,7
;0,7
;0,7
120,903;
;0,7
;0,7
121,004;0,7
;0,7
;0,7
121,100;
;0,7
;0,7
121,169;0,7
;0,7
;0,7
121,239;
;0,7
;0,7
121,309;0,7
;0,7
;0,7
121,388;
;0,7
;0,7
121,466;0,7
;0,7
;0,7
121,540;
;0,7
;0,7
121,732;0,7
;0,7
;0,7
121,868;
;0,7
;0,7
121,937;0,7
;0,7
;0,7
121,985;
;0,7
;0,7
122,038;0,7
;0,7
;0,7
122,099;
;0,7
;0,7
122,151;0,7
;0,7
;0,7
122,190;
;0,7
;0,7
122,221;0,7
;0,7
;0,7
122,238;
;0,7
;0,7
122,256;0,7
;0,7
;0,7
122,286;
;0,7
;0,7
122,361;0,7
;0,7
;0,7
122,435;
;0,7
;0,7
122,522;0,7
;0,7
;0,7
122,592;
;0,7
;0,7
122,718;0,7
;0,7
;0,7
122,867;
;0,7
;0,7
122,972;0,7
;0,7
;0,7
123,006;
;0,7
;0,7
123,041;0,7
;0,7
;0,7
123,124;
;0,7
;0,7
123,220;0,7
;0,7
;0,7
123,321;
;0,7
;0,7
123,499;0,7
;0,7
;0,7
123,630;
;0,7
;0,7
123,774;0,7
;0,7
;0,7
124,019;
;0,7
;0,7
124,302;0,7
;0,7
;0,6
124,407;
;0,7
;0,6
124,468;0,6
;0,6
;0,6
124,529;
;0,6
;0,6
124,590;0,6
;0,6
;0,6
124,734;
;0,6
;0,6
124,922;0,6
;0,6
;0,6
125,083;
;0,6
;0,6
125,254;0,6
;0,6
;0,6
125,389;
;0,6
;0,6
125,546;0,6
;0,6
;0,6
125,712;
;0,6
;0,6
125,803;0,6
;0,6
;0,6
125,864;
;0,6
;0,6
125,969;0,6
;0,6
;0,6
126,152;
;0,6
;0,6
126,353;0,6
;0,6
;0,6
126,506;
;0,6
;0,6
126,637;0,6
;0,6
;0,6
126,781;
;0,6
;0,6
126,890;0,6
;0,6
;0,6
127,003;
;0,6
;0,6
127,082;0,6
;0,6
;0,6
127,152;
;0,6
;0,6
127,221;0,6
;0,6
;0,6
127,357;
;0,6
;0,6
127,584;0,6
;0,6
;0,6
127,714;
;0,6
;0,6
127,824;0,6
;0,6
;0,6
127,946;
;0,6
;0,6
128,055;0,6
;0,6
;0,7
128,146;
;0,6
;0,6
128,273;0,7
;0,6
;0,7
128,408;
;0,7
;0,7
128,495;0,7
;0,6
;0,6
128,565;
;0,6
;0,6
128,657;0,6
;0,6
;0,6
128,718;
;0,6
;0,6
128,770;0,6
;0,6
;0,6
128,853;
;0,6
;0,6
128,967;0,7
;0,6
;0,6
129,124;
;0,6
;0,6
129,311;0,6
;0,6
;0,6
129,486;
;0,6
;0,6
129,660;0,6
;0,6
;0,6
129,822;
;0,6
;0,6
129,927;0,6
;0,6
;0,6
130,010;
;0,6
;0,6
130,088;0,6
;0,6
;0,6
130,167;
;0,6
;0,6
130,210;0,6
;0,6
;0,6
130,263;
;0,6
;0,6
130,328;0,6
;0,6
;0,6
130,420;
;0,6
;0,6
130,507;0,6
;0,6
;0,6
130,599;
;0,6
;0,6
130,716;0,6
;0,6
;0,6
130,843;
;0,6
;0,6
130,900;0,6
;0,6
;0,6
130,939;
;0,6
;0,6
130,987;0,6
;0,6
;0,6
131,092;
;0,6
;0,6
131,214;0,7
;0,7
;0,7
131,314;
;0,7
;0,7
131,458;0,7
;0,7
;0,7
131,585;
;0,7
;0,7
131,707;0,7
;0,7
;0,6
131,807;
;0,6
;0,6
131,899;0,6
;0,6
;0,6
132,052;
;0,6
;0,6
132,278;0,6
;0,6
;0,6
132,466;
;0,6
;0,6
132,628;0,6
;0,6
;0,6
132,793;
;0,6
;0,6
132,968;0,6
;0,6
;0,6
133,086;
;0,6
;0,6
133,164;0,6
;0,6
;0,6
133,212;
;0,6
;0,6
133,256;0,6
;0,6
;0,6
133,339;
;0,6
;0,6
133,430;0,6
;0,6
;0,6
133,518;
;0,6
;0,6
133,601;0,6
;0,6
;0,6
133,679;
;0,6
;0,6
133,779;0,6
;0,6
;0,6
133,836;
;0,6
;0,6
133,893;0,6
;0,6
;0,6
133,958;
;0,6
;0,6
134,019;0,6
;0,6
;0,6
134,059;
;0,6
;0,6
134,111;0,6
;0,6
;0,6
134,163;
;0,6
;0,6
134,220;0,6
;0,6
;0,6
134,281;
;0,6
;0,6
134,347;0,6
;0,6
;0,6
134,412;
;0,6
;0,6
134,534;0,6
;0,6
;0,6
134,691;
;0,6
;0,6
134,844;0,6
;0,6
;0,6
134,971;
;0,6
;0,6
135,075;0,6
;0,6
;0,6
135,184;
;0,6
;0,6
135,285;0,6
;0,6
;0,6
135,385;
;0,6
;0,6
135,494;0,6
;0,6
;0,6
135,612;
;0,6
;0,6
135,730;0,6
;0,6
;0,6
135,817;
;0,6
;0,6
135,909;0,6
;0,6
;0,6
136,018;
;0,6
;0,6
136,118;0,6
;0,6
;0,6
136,236;
;0,6
;0,6
136,345;0,6
;0,6
;0,6
136,437;
;0,6
;0,6
136,533;0,6
;0,6
;0,6
136,629;
;0,6
;0,6
136,716;0,6
;0,6
;0,6
136,786;
;0,6
;0,6
136,882;0,6
;0,6
;0,6
137,017;
;0,6
;0,6
137,152;0,6
;0,6
;0,6
137,248;
;0,6
;0,6
137,336;0,6
;0,6
;0,6
137,414;
;0,6
;0,6
137,475;0,6
;0,6
;0,6
137,501;
;0,6
;0,6
137,532;0,6
;0,7
;0,7
137,589;
;0,7
;0,6
137,667;0,7
;0,6
;0,6
137,763;
;0,6
;0,7
137,842;0,6
;0,7
;0,7
137,912;
;0,7
;0,7
138,012;0,7
;0,7
;0,7
138,112;
;0,7
;0,7
138,195;0,7
;0,7
;0,7
138,282;
;0,7
;0,7
138,365;0,7
;0,7
;0,7
138,466;
;0,7
;0,7
138,466;0,7
;0,7
;0,7
138,466;
;0,7
;0,7
138,466;0,7
;0,7
;0,7
138,466;
;0,7
;0,7
138,466;0,7
;0,7
;0,7
138,466;
;0,7
;0,7
138,466;0,7
;0,7
;0,7
138,466;
;0,7
;0,7
138,466;0,7
;0,7
;0,7
138,466;
;0,7
;0,7
138,466;0,7
;0,7
;0,7
138,470;
;0,7
;0,7
138,470;0,7
;0,7
;0,7
138,470;
;0,7
;0,7
138,470;0,7
;0,7
;0,7
138,470;
;0,7
;0,7
138,470;0,7
;0,7
;0,7
138,470;
;0,7
;0,7
138,470;0,7
;0,7
;0,7
138,470;
;0,7
;0,7
138,470;0,7
;0,7
;0,7
138,470;
;0,7
;0,7
138,470;0,7
;0,7
;0,7
138,466;
;0,7
;0,7
138,466;0,7
;0,7
;0,7
138,466;
;0,7
;0,7
138,466;0,7
;0,7
;0,7
138,466;
;0,7
;0,7
138,466;0,7
;0,7
;0,7
138,466;
;0,7
;0,7
138,466;0,7
;0,7
;0,7
138,466;
;0,7
;0,7
138,461;0,7
;0,7
;0,7
138,461;
;0,7
;0,7
138,461;0,7
;0,7
;0,7
138,461;
;0,7
;0,7
138,461;0,7
;0,7
;0,7
138,461;
;0,7
;0,7
138,461;0,7
;0,7
;0,7
138,461;
;0,7
;0,7
138,461;0,7
;0,7
;0,7
138,461;
;0,7
;0,7
138,461;0,7
;0,7
;0,7
138,461;
;0,7
;0,7
138,461;0,7
;0,7
;0,7
138,461;
;0,7
;0,7
138,461;0,7
;0,7
;0,7
138,461;
;0,7
;0,7
138,461;0,7
;0,7
;0,7
138,461;
;0,7
;0,7
138,461;0,7
;0,7
;0,7
138,461;
;0,7
;0,7
138,461;0,7
;0,7
;0,7
138,461;
;0,7
;0,7
138,461;0,7
;0,7
;0,7
138,461;
;0,7
;0,7
138,461;0,7
;0,7
;0,7
138,461;
;0,7
;0,7
138,461;0,7
;0,7
;0,7
138,461;
;0,7
;0,7
138,461;0,7
;0,7
;0,7
138,461;
;0,7
;0,7
138,461;0,7
;0,7
;0,7
138,461;
;0,7
;0,7
138,461;0,7
;0,7
;0,7
138,461;
;0,7
;0,7
138,461;0,7
;0,7
;0,7
138,461;
;0,7
;0,7
138,461;0,7
;0,7
;0,7
138,461;
;0,7
;0,7
138,461;0,7
;0,7
;0,7
;0,7
